set,title
node:3186,General Land Office Survey Maps
node:8369,Hixson Plat Map Atlases of Iowa
node:3506,Iowa Aerial Photo Indices
node:1616,Iowa Counties Historic Atlases
node:21595,Iowa Historic Sheet Maps
node:7922,Iowa in the Great Depression
node:9569,University of Iowa Campus Maps
node:397041,"An Atlas of Buchanan County, 1923"
node:646455,"An Illustrated Historical Atlas of Des Moines County, Iowa, 1873"
node:31104,"An Illustrated Historical Atlas of Lee County, Iowa, 1874"
node:152913,"An Illustrated Historical Atlas of Louisa County, Iowa, 1874"
node:44986,"Atlas and Directory of Rural Taxpayers of Linn County, Iowa, 1914"
node:233715,"Atlas and Farm Directory of Clayton County, Iowa, 1914"
node:55304,"Atlas and Farm Directory with Complete Survey in Township Plats of Plymouth County, Iowa, 1914"
node:734732,"Atlas and Plat Book of Adair County, Iowa, 1917"
node:36266,"Atlas and Plat Book of Calhoun County, Iowa, 1920"
node:12377,"Atlas and Plat Book of Dallas County, Iowa, 1930"
node:414969,"Atlas and Plat Book of Jackson County, Iowa, 1913"
node:191045,"Atlas and Plat Book of Jasper County, Iowa, 1914"
node:471586,"Atlas and plat book of Mahaska County, Iowa, 1920"
node:30016,"Atlas and Plat Book of Marion County, Iowa, 1917"
node:83583,"Atlas and plat book of Poweshiek County, Iowa, 1914"
node:250481,"Atlas and Plat Book of Ringgold County, Iowa, 1915"
node:38394,"Atlas and Plat Book of Story County, Iowa, 1926"
node:71806,"Atlas and Rural Directory of Marion County, Iowa, 1937"
node:326637,"Atlas and Township Plats of O'Brien County, Iowa, 1934"
node:16531,"Atlas Map of Bremer County, Iowa, 1875"
node:199617,"Atlas of Appanoose County, Iowa, 1915"
node:140832,"Atlas of Benton County, Iowa, 1872"
node:9713,"Atlas of Benton County, Iowa, 1917"
node:17461,"Atlas of Black Hawk County, Iowa, 1910"
node:90817,"Atlas of Black Hawk County, Iowa, and The World, 1926"
node:480839,"Atlas of Buchanan County, Iowa, 1910"
node:90553,"Atlas of Buena Vista County, Iowa, 1923"
node:84921,"Atlas of Butler County, Iowa, 1917"
node:156493,"Atlas of Carroll County, Iowa, 1906"
node:227058,"Atlas of Carroll County, Iowa, 1923"
node:227057,"Atlas of Carroll County, Iowa, 1923 4 World Atlas"
node:166676,"Atlas of Cass County, Iowa, 1917"
node:368096,"Atlas of Cedar County, Iowa, 1872"
node:154421,"Atlas of Cedar County, Iowa, 1901"
node:56579,"Atlas of Cedar County, Iowa, 1916"
node:232048,"Atlas of Cerro Gordo County, Iowa, 1912"
node:42602,"Atlas of Chickasaw County, Iowa, 1915"
node:87246,"Atlas of Clarke County, Iowa, 1902"
node:6591,"Atlas of Clarke County, Iowa, 1909"
node:446449,"Atlas of Clarke County, Iowa, 1915"
node:109859,"Atlas of Clay County, Iowa, 1919"
node:146409,"Atlas of Clinton County, Iowa, 1874"
node:246700,"Atlas of Clinton County, Iowa, 1925"
node:117616,"Atlas of Crawford County, Iowa, 1920"
node:424278,"Atlas of Dallas County, Iowa, 1916"
node:146087,"Atlas of Davis County, Iowa, 1931"
node:102756,"Atlas of Fremont County, Iowa, 1920"
node:177997,"Atlas of Greene County, Iowa, 1909"
node:264856,"Atlas of Greene County, Iowa, 1918"
node:518783,"Atlas of Greene County, Iowa, 1921"
node:352470,"Atlas of Hancock County, Iowa, 1914"
node:48459,"Atlas of Hardin County, Iowa, 1918"
node:86306,"Atlas of Hardin County, Iowa, 1918"
node:198043,"Atlas of Harrison County, Iowa, 1922"
node:287122,"Atlas of Henry County, Iowa, 1895"
node:271790,"Atlas of Henry County, Iowa, 1931"
node:191384,"Atlas of Howard County, Iowa, 1915"
node:371347,"Atlas of Humboldt County, Iowa, 1915"
node:46167,"Atlas of Ida County, Iowa, 1906"
node:73519,"Atlas of Ida County, Iowa, 1920"
node:246982,"Atlas of Iowa County, Iowa, 1900"
node:180976,"Atlas of Johnson County, Iowa, 1900"
node:318285,"Atlas of Johnson County, Iowa, 1917"
node:527640,"Atlas of Johnson County, Iowa, 1934"
node:78263,"Atlas of Keokuk County, Iowa, 1874"
node:66805,"Atlas of Keokuk County, Iowa, 1895"
node:419245,"Atlas of Keokuk County, Iowa, 1912"
node:418767,"Atlas of Kossuth County, Iowa, 1913"
node:425863,"Atlas of Linn County, Iowa, 1895"
node:115741,"Atlas of Linn County, Iowa, 1921"
node:87620,"Atlas of Louisa County, Iowa, 1917"
node:337302,"Atlas of Lucas County, Iowa, 1912"
node:162565,"Atlas of Madison County, Iowa, 1905"
node:248202,"Atlas of Madison County, Iowa, 1908"
node:115346,"Atlas of Mahaska County, Iowa, 1905"
node:302462,"Atlas of Marion County, Iowa, 1901"
node:285237,"Atlas of Marshall County, Iowa, 1871"
node:339023,"Atlas of Mills County, Iowa, 1921"
node:44322,"Atlas of Monona County, Iowa, 1919"
node:303212,"Atlas of Montgomery County, Iowa, 1919"
node:6169,"Atlas of Muscatine County, Iowa, 1874"
node:22215,"Atlas of Muscatine County, Iowa, 1884"
node:255794,"Atlas of Muscatine County, Iowa, 1916"
node:89139,"Atlas of Osceola County, Iowa, between 1935 and 1941"
node:52409,"Atlas of Page County, Iowa, 1920"
node:76842,"Atlas of Pocahontas County, Iowa, 1918"
node:83360,"Atlas of Polk County, Iowa, 1902"
node:378574,"Atlas of Pottawattamie County, Iowa, 1900"
node:208782,"Atlas of Pottawattamie County, Iowa, 1919"
node:212899,"Atlas of Poweshiek County, Iowa, 1896"
node:91121,"Atlas of Poweshiek County, Iowa, 1921"
node:9847,"Atlas of Poweshiek County, Iowa, 1928"
node:1615,"Atlas of Sac County, Iowa, 1908"
node:132543,"Atlas of Sac County, Iowa, 1912"
node:308761,"Atlas of Scott County, Iowa, 1894"
node:41993,"Atlas of Scott County, Iowa, 1894 4 Supplemental pages"
node:56203,"Atlas of Scott County, Iowa, 1905"
node:294012,"Atlas of Shelby County, Iowa, 1921"
node:27970,"Atlas of Sioux County, Iowa, 1913"
node:241819,"Atlas of Sioux County, Iowa, 1923"
node:203338,"Atlas of Sioux County, Iowa, circa 1928"
node:60752,"Atlas of Story County, Iowa, 1902"
node:59352,"Atlas of Story County, Iowa, 1919"
node:202947,"Atlas of Tama County, Iowa, 1875"
node:210193,"Atlas of Tama County, Iowa, 1916"
node:65761,"Atlas of Taylor County, Iowa, and the World, 1923"
node:415041,"Atlas of the State of Iowa, 1904"
node:122639,"Atlas of Warren County, Iowa, 1872"
node:41473,"Atlas of Warren County, Iowa, 1902"
node:178602,"Atlas of Warren County, Iowa, 1902-1903"
node:201571,"Atlas of Warren County, Iowa, 1915"
node:220978,"Atlas of Washington County, Iowa, 1874"
node:36983,"Atlas of Washington County, Iowa, 1906"
node:3193,"Atlas of Washington County, Iowa, 1920"
node:389809,"Atlas of Winnebago County, Iowa, 1905"
node:209301,"Atlas of Winnebago County, Iowa, 1913"
node:145922,"Atlas of Winnebago County, Iowa, 1928"
node:25343,"Atlas of Woodbury County, Iowa, 1917"
node:187143,"Combination Atlas Map of Henry County, Iowa, 1870"
node:156803,"Combination atlas map of Johnson County, Iowa, 1870"
node:105156,"County Atlas of Appanoose County, Iowa, 1908"
node:176930,"Drainage Atlas of Palo Alto County, Iowa, 1919"
node:316427,"Hancock County Atlas, Iowa, 1905?"
node:21808,"Haskell's New Indexed Atlas of Muscatine County, Iowa, 1884"
node:351315,"Illustrated Atlas of Black Hawk County, Iowa, 1896"
node:315639,"Illustrated Atlas of Harrison County, Iowa, 1884"
node:55012,"Illustrated Atlas of Pottawattamie County, Iowa, 1885"
node:149404,"Jefferson County Atlas, 1936"
node:273478,"Johnson County, Iowa, atlas, 1939"
node:699049,"New Atlas of Linn County, Iowa, 1938"
node:72338,"New Sectional Atlas of Jones County, Iowa, 1877"
node:242283,"Plat Book and Complete Survey of Polk County, Iowa, 1914"
node:245790,"Plat book of Allamakee County, Iowa, 1886"
node:117436,"Plat Book of Benton County, Iowa, 1885"
node:400317,"Plat Book of Boone County, Iowa, 1896"
node:16773,"Plat Book of Bremer County, Iowa, 1894"
node:97963,"Plat Book of Buchanan County, Iowa, 1886"
node:100089,"Plat Book of Butler County, Iowa, 1895"
node:3149,"Plat book of Cerro Gordo County, Iowa, 1895"
node:20207,"Plat Book of Chickasaw County, Iowa, 1892"
node:190586,"Plat Book of Clay County, Iowa, 1887"
node:30935,"Plat Book of Clayton County, Iowa, 1886"
node:273918,"Plat Book of Clinton County, Iowa, 1894"
node:148284,"Plat Book of Davis County, Iowa, 1891"
node:219003,"Plat Book of Decatur County, Iowa, 1894"
node:100465,"Plat Book of Des Moines County, Iowa, 1897"
node:106844,"Plat book of Dubuque County, Iowa, 1892"
node:198440,"Plat Book of Fayette County, Iowa, 1879"
node:142553,"Plat book of Fayette County, Iowa, 1896"
node:182264,"Plat book of Floyd County, Iowa, 1895"
node:193852,"Plat Book of Fremont County, Iowa, 1891"
node:56857,"Plat Book of Greene County, Iowa, 1896"
node:231822,"Plat Book of Grundy County, Iowa, 1884"
node:135887,"Plat book of Hancock County, Iowa, 1896"
node:65489,"Plat book of Hancock County, Iowa, 1896 4 Supplementary maps and information"
node:177014,"Plat book of Hardin County, Iowa, 1892"
node:77334,"Plat Book of Hardin County, Iowa, 1903"
node:264319,"Plat Book of Humboldt County, Iowa, 1896"
node:45982,"Plat Book of Iowa County, Iowa, 1886"
node:87607,"Plat Book of Jackson County, Iowa, 1893"
node:181947,"Plat Book of Jones County, Iowa, 1893"
node:277649,"Plat Book of Jones County, Iowa, 1893"
node:12407,"Plat book of Lee County, Iowa, 1897"
node:186859,"Plat Book of Linn County, Iowa, 1930"
node:35549,"Plat Book of Lucas County, Iowa, 1896"
node:239946,"Plat Book of Marshall County, Iowa, 1885"
node:460305,"Plat Book of Monona County, Iowa, 1937"
node:42233,"Plat Book of Monroe County, Iowa, 1902"
node:301715,"Plat Book of Page County, Iowa, 1902"
node:141067,"Plat Book of Ringgold County, Iowa, 1894"
node:553384,"Plat Book of Tama County, Iowa, 1892"
node:334731,"Plat Book of Tama County, Iowa, 1897"
node:11172,"Plat book of Taylor County, Iowa, 1894"
node:39324,"Plat book of Union County, Iowa, 1894"
node:70969,"Plat book of Van Buren County, 1897"
node:31071,"Plat Book of Wayne County, Iowa, 1897"
node:66629,"Plat book of Winneshiek County, Iowa, 1886"
node:24707,"Republican Atlas of Boone County, Iowa, 1902"
node:203667,"Souvenir Atlas of Story County, Iowa, 1908"
node:104267,"Souvenir Atlas of Tama County, Iowa, 1909"
node:166164,"Standard atlas of Adair County, Iowa, 1901"
node:45281,"Standard Atlas of Adams County, Iowa, 1905"
node:4990,"Standard Atlas of Benton County, Iowa, 1901"
node:30351,"Standard Atlas of Bremer County, Iowa, 1917"
node:51147,"Standard Atlas of Calhoun County, Iowa, 1911"
node:123619,"Standard Atlas of Cass County, Iowa, 1900"
node:129339,"Standard Atlas of Cherokee County, Iowa, 1907"
node:126835,"Standard Atlas of Clay County, Iowa, 1909"
node:182173,"Standard Atlas of Clayton County, Iowa, 1902"
node:63574,"Standard Atlas of Clayton County, Iowa, 1902"
node:33109,"Standard Atlas of Crawford County, Iowa, 1908"
node:150475,"Standard Atlas of Davis County, Iowa, 1912"
node:88841,"Standard atlas of Dickinson County, Iowa, 1911"
node:239474,"Standard atlas of Emmet County, Iowa, 1918"
node:679542,"Standard atlas of Floyd County, Iowa, 1913"
node:127333,"Standard Atlas of Greene County, Iowa, 1917"
node:175326,"Standard Atlas of Henry County, Iowa, 1917"
node:114253,"Standard Atlas of Iowa County, Iowa, 1917"
node:236428,"Standard Atlas of Jefferson County, Iowa, 1909"
node:33915,"Standard Atlas of Lee County, Iowa, 1916"
node:201693,"Standard Atlas of Louisa County, Iowa, 1899-1900"
node:217988,"Standard atlas of Lyon County, Iowa, 1911"
node:158653,"Standard Atlas of Monroe County, Iowa, 1919"
node:199260,"Standard Atlas of Montgomery County, Iowa, 1907"
node:145533,"Standard atlas of O'Brien County, Iowa, 1911"
node:2333,"Standard Atlas of Osceola County, Iowa, 1911"
node:76918,"Standard Atlas of Palo Alto County, Iowa, 1908"
node:54366,"Standard Atlas of Shelby County, Iowa, 1911"
node:12314,"Standard Atlas of Union County, Iowa, 1916"
node:14314,"Standard atlas of Wapello County, Iowa, 1908"
node:2405,"Standard atlas of Wapello County, Iowa, 1908"
node:53853,"Standard atlas of Wapello County, Iowa, 1908 3 Town Plats"
node:100747,"Standard atlas of Wapello County, Iowa, 1922"
node:341708,"Standard atlas of Webster County, Iowa, 1909"
node:267133,"Standard Atlas of Wright County, Iowa, 1912"
node:108475,"Standard Historical Atlas of Franklin County, Iowa, 1908"
node:26210,"Standard Historical Atlas of Hamilton County, Iowa, 1918"
node:21148,"Standard Historical Atlas of Jasper County, Iowa, 1901"
node:74592,"Standard historical atlas of Mills and Fremont Counties, Iowa, 1910"
node:12255,"Standard Historical Atlas of Mitchell County, Iowa, 1911"
node:75460,"Standard historical atlas of Plymouth County, Iowa 1907"
node:66382,"Standard Historical Atlas of Sioux County, Iowa, 1908"
node:244482,"Standard Historical Atlas of Worth County, Iowa, 1913"
node:87641,"Tate's atlas of Des Moines, Iowa, 1899"
node:15121,"Township plat book of Delaware County, Iowa, 1894"
node:79401,"Tri-County Farmers Institute Atlas: Covering Parts of Scott, Muscatine, and Cedar Counties, Iowa, 1921"