Repository,Code,Member Of,,,,,
edu.utexas,20d-0007,dc8c18df-7d64-4ff4-a754-d18d0891187d,,,,,
edu.uwm,20d-0006,dc8c18df-7d64-4ff4-a754-d18d0891187d,,,,,
edu.cornell,20d-0004,dc8c18df-7d64-4ff4-a754-d18d0891187d,,,,,
edu.stanford.purl,20d-0003,dc8c18df-7d64-4ff4-a754-d18d0891187d,,,,,
edu.princeton.arks,20d-0002,dc8c18df-7d64-4ff4-a754-d18d0891187d,,,,,
edu.harvard,20d-0001,dc8c18df-7d64-4ff4-a754-d18d0891187d,,,,,
org.humdata,99-1400,b0153110-e455-4ced-9114-9b13250a7093,,,,,
,,,,,,,
,,,,,,,
,,,,,,,
,,,,,,,
,,,,,,,
,,,,,,,
,,,,,,,
,,,,,,,
,,,,,,,
,,,,,,,
,,,,,,,
,,,,,,,
,,,,,,,