Aerial photographs,,,,,,
Aerial views,,,,,,
Aeronautical charts,,,,,,
Armillary spheres,,,,,,
Astronautical charts,,,,,,
Astronomical models,,,,,,
Atlases,,,,,,
Bathymetric maps,,,,,,
Block diagrams,,,,,,
Bottle-charts,,,,,,
Cadastral maps,,,,,,
Cartographic materials,,,,,,
Cartographic materials for people with visual disabilities,,,,,,
Celestial charts,,,,,,
Celestial globes,,,,,,
Census data,,,,,,
Children's atlases,,,,,,
Children's maps,,,,,,
Comparative maps,,,,,,
Composite atlases,,,,,,
Digital elevation models,,,,,,
Digital maps,,,,,,
Early maps,,,,,,
Ephemerides,,,,,,
Ethnographic maps,,,,,,
Fire insurance maps,,,,,,
Flow maps,,,,,,
Gazetteers,,,,,,
Geological cross-sections,,,,,,
Geological maps,,,,,,
Globes,,,,,,
Gores (Maps),,,,,,
Gravity anomaly maps,,,,,,
Index maps,,,,,,
Linguistic atlases,,,,,,
Loran charts,,,,,,
Manuscript maps,,,,,,
Mappae mundi,,,,,,
Mental maps,,,,,,
Meteorological charts,,,,,,
Military maps,,,,,,
Mine maps,,,,,,
Miniature maps,,,,,,
Nautical charts,,,,,,
Outline maps,,,,,,
Photogrammetric maps,,,,,,
Photomaps,,,,,,
Physical maps,,,,,,
Pictorial maps,,,,,,
Plotting charts,,,,,,
Portolan charts,,,,,,
Quadrangle maps,,,,,,
Relief models,,,,,,
Remote-sensing maps,,,,,,
Road maps,,,,,,
Statistical maps,,,,,,
Stick charts,,,,,,
Strip maps,,,,,,
Thematic maps,,,,,,
Topographic maps,,,,,,
Tourist maps,,,,,,
Upside-down maps,,,,,,
Wall maps,,,,,,
World atlases,,,,,,
World maps,,,,,,
Worm's-eye views,,,,,,
Zoning maps,,,,,,
Annotations,,,,,,
Basemaps,,,,,,
LiDAR,,,,,,
Line data,,,,,,
Mesh data,,,,,,
Multi-spectral data,,,,,,
Oblique photographs,,,,,,
Point cloud data,,,,,,
Point data,,,,,,
Polygon data,,,,,,
Raster data,,,,,,
Satellite imagery,,,,,,
Streetview photographs,,,,,,
Table data,,,,,,